{
  "MCD": 27.593022871156535,
  "LMT": 30.08,
  "COST": 28.88,
  "UNH": 29.261109818647697,
  "FCX": 31.465721659072358
}