{
  "MCD": 27.593022871156535,
  "LMT": 30.08,
  "COST": 28.88,
  "LLY": 25.447621824294075
}