{
  "MCD": 27.593022871156535,
  "LMT": 30.08,
  "COST": 28.88,
  "LLY": 25.447621824294075,
  "TGT": 29.48714754863383,
  "DIS": 34.77322949350797,
  "BMY": 29.04072943405069,
  "FCX": 26.989079903052954,
  "MRK": 33.452569450476005,
  "DE": 31.61671634247162,
  "META": 34.885398015659334,
  "HD": 31.376962797470824
}