{
  "MCD": 25.207606,
  "LMT": 23.33,
  "COST": 28.88,
  "LLY": 25.447621824294075,
  "TGT": 33.496523587584974,
  "DIS": 34.77322949350797,
  "BMY": 34.74903133353398,
  "FCX": 26.989079903052954,
  "MRK": 33.452569450476005,
  "DE": 33.96922356088385,
  "META": 33.83499048587149,
  "HD": 31.376962797470824,
  "BAC": 32.927269161757025,
  "CVX": 32.296906832588704,
  "XLF": 34.9281656370531,
  "ABBV": 32.63637513254744,
  "UNH": 32.676957249513805,
  "MSFT": 33.0213976777121,
  "NOC": 34.96283547771202,
  "SHOP": 32.4204370009996,
  "PYPL": 34.56244762970398,
  "ARKK": 33.38161018611902
}