{
  "MCD": 27.593022871156535,
  "LMT": 33.582260029694126,
  "COST": 28.88,
  "LLY": 25.447621824294075,
  "TGT": 29.48714754863383,
  "DIS": 32.56713098350163,
  "BMY": 29.04072943405069,
  "FCX": 26.989079903052954,
  "MRK": 33.452569450476005,
  "DE": 29.41199408259446,
  "META": 22.810657535286197,
  "HD": 16.870130793168343,
  "BAC": 32.927269161757025,
  "CVX": 32.296906832588704,
  "XLF": 34.9281656370531,
  "ABBV": 32.63637513254744,
  "UNH": 33.015346690857825,
  "MSFT": 32.67346141726935,
  "NOC": 32.4810005566456,
  "SHOP": 34.13856721726397,
  "PYPL": 28.604074404396187,
  "ARKK": 32.95608112791918,
  "XLK": 34.348669762101025,
  "NET": 32.13434546898105,
  "ZS": 34.90310901439999,
  "IWM": 32.577989828560916
}