{
  "MCD": 27.593022871156535,
  "LMT": 30.27720208251702,
  "COST": 28.88,
  "LLY": 25.447621824294075,
  "TGT": 29.48714754863383,
  "DIS": 34.39101631418508,
  "BMY": 29.04072943405069,
  "FCX": 26.989079903052954,
  "MRK": 33.452569450476005,
  "DE": 29.41199408259446,
  "META": 22.91913817874638,
  "HD": 16.870130793168343,
  "BAC": 32.927269161757025,
  "CVX": 32.296906832588704,
  "XLF": 34.9281656370531,
  "ABBV": 32.63637513254744,
  "UNH": 30.734134763061178,
  "MSFT": 33.88231601586642,
  "NOC": 32.4810005566456,
  "SHOP": 34.13856721726397,
  "PYPL": 31.513367492704717,
  "ARKK": 31.643868716742205
}