{
  "MCD": 25.207606,
  "LMT": 23.33,
  "COST": 28.88,
  "LLY": 25.447621824294075,
  "TGT": 33.496523587584974
}