{
  "MCD": 27.593022871156535,
  "LMT": 30.27720208251702,
  "COST": 28.88,
  "LLY": 25.447621824294075,
  "TGT": 29.48714754863383,
  "DIS": 31.436042140175672,
  "BMY": 29.04072943405069,
  "FCX": 26.989079903052954,
  "MRK": 33.452569450476005,
  "DE": 29.41199408259446,
  "META": 22.810657535286197,
  "HD": 16.870130793168343,
  "BAC": 32.927269161757025,
  "CVX": 32.296906832588704,
  "XLF": 34.9281656370531,
  "ABBV": 32.63637513254744,
  "UNH": 33.015346690857825,
  "MSFT": 30.60651749416654,
  "NOC": 32.4810005566456,
  "SHOP": 34.13856721726397,
  "PYPL": 28.604074404396187,
  "ARKK": 28.592623140711453,
  "XLK": 34.348669762101025,
  "NET": 33.70837392949565,
  "ZS": 31.120200200636305,
  "IWM": 32.577989828560916
}