{
  "MCD": 25.207606,
  "LMT": 23.33,
  "COST": 28.88,
  "LLY": 25.447621824294075,
  "TGT": 33.496523587584974,
  "DIS": 34.77322949350797,
  "BMY": 34.74903133353398,
  "FCX": 26.989079903052954,
  "MRK": 33.452569450476005
}