{
  "MCD": 27.593022871156535,
  "LMT": 34.58648001450851,
  "COST": 28.88,
  "LLY": 25.447621824294075,
  "TGT": 29.48714754863383,
  "DIS": 30.143938121322833,
  "BMY": 29.04072943405069,
  "FCX": 26.989079903052954,
  "MRK": 33.452569450476005,
  "DE": 29.41199408259446,
  "META": 23.985459727446468,
  "HD": 32.60490818286546,
  "BAC": 32.927269161757025,
  "CVX": 32.296906832588704,
  "XLF": 34.9281656370531,
  "ABBV": 32.63637513254744,
  "UNH": 30.932752213573636
}