{
  "MCD": 27.593022871156535,
  "LMT": 30.08,
  "COST": 28.88,
  "UNH": 29.261109818647697,
  "FCX": 31.465721659072358,
  "PFE": 34.84654963355071,
  "BMY": 31.15334503309505
}