{
  "MCD": 25.207606,
  "LMT": 23.33,
  "COST": 28.88,
  "UNH": 29.261109818647697,
  "FCX": 31.465721659072358
}