{
  "MCD": 27.593022871156535,
  "LMT": 30.27720208251702,
  "COST": 28.88,
  "LLY": 25.447621824294075,
  "TGT": 29.48714754863383,
  "DIS": 30.143938121322833,
  "BMY": 29.04072943405069,
  "FCX": 26.989079903052954,
  "MRK": 33.452569450476005,
  "DE": 29.41199408259446,
  "META": 25.014195099854064,
  "HD": 26.2430458321777,
  "BAC": 32.927269161757025,
  "CVX": 32.296906832588704,
  "XLF": 34.9281656370531,
  "ABBV": 32.63637513254744,
  "UNH": 30.692296369979076,
  "MSFT": 33.0213976777121,
  "NOC": 32.4810005566456,
  "SHOP": 32.4204370009996,
  "PYPL": 34.56244762970398,
  "ARKK": 33.38161018611902
}